product,price
,nan
,$26.99
"Sponsored Ad - KVIDIO Bluetooth Headphones Over Ear, 65 Hours Playtime Wireless Headphones with Microphone, Foldable Lightweight Headset with Deep Bass, HiFi Stereo Sound for Travel Work Cellphone",$26.99
,$26.99
,nan
,nan
,$12.99
"Sponsored Ad - RORSOU R10 On-Ear Headphones with Microphone, Lightweight Folding Stereo Bass Headphones with 1.5M No-Tangle Cord, Portable Wired Headphones for Smartphone Tablet Computer MP3 / 4 (Black)",$12.99
,$12.99
,nan
,nan
,$39.95
"JBL Tune 510BT - Bluetooth headphones with up to 40 hours battery, microphone for call, foldable and comfortable, Android and iOs compatible (Black)",$39.95
,$39.95
,nan
,nan
,$15.96
"Apple EarPods Headphones with Lightning Connector, Wired Ear Buds for iPhone with Built-in Remote to Control Music, Phone Calls, and Volume",$15.96
,$15.96
,nan
,nan
,nan
"Apple EarPods Headphones, Wired Ear Buds with Built-in Remote to Control Music, Phone Calls, and Volume - Retail Packaging (Lightning)",nan
,nan
,$39.99
,$26.99
,$134.99
,$19.99
"OneOdio A70 Bluetooth Over Ear Headphones, Wireless Headphones w/ 72H Playtime, Hi-Res, 3.5mm/6.35mm Wired Audio Jack for Studio Monitor & Mixing DJ Guitar AMP, Computer Laptop PC Tablet - Black",$16.99
,nan
,nan
,$44.99
"BERIBES Bluetooth Headphones Over Ear, 65H Playtime and 6 EQ Music Modes Wireless Headphones with Microphone, HiFi Stereo Foldable Lightweight Headset, Deep Bass for Home Office Cellphone PC Ect.",$44.99
,$44.99
,nan
,$26.99
,$26.99
"Sponsored Ad - Amazon Basics Bluetooth Headphones with Microphone, Wireless, On Ear, 35 Hour Playtime, Foldable, One Size, Black",$26.99
,nan
,nan
,$24.59
,$24.59
"Sony ZX Series Wired On-Ear Headphones, Black MDR-ZX110",$24.59
,nan
,nan
,nan
,nan
"JLab JBuds Lux ANC Wireless Headphones, Mauve, Hybrid Active Noise Cancelling, Customizable Sound, Spatial Audio Compatible, Premium Over-Ear Bluetooth Headset",nan
,nan
,nan
,$49.99
,$49.99
"Bluetooth Headphones with RGB Lights, Foldable Wireless Over-Ear Headphones with Hidden Mic for Cell Phone, PC, Laptop, Suitable for Music, School, Workouts, and Gaming (Blue)",$49.99
,nan
,nan
,$79.96
,$79.96
"Soundcore by Anker Q20i Hybrid Active Noise Cancelling Headphones, Wireless Over-Ear Bluetooth, 40H Long ANC Playtime, Hi-Res Audio, Big Bass, Customize via an App, Transparency Mode (White)",$79.96
,nan
,nan
,$49.99
,$49.99
"Sponsored Ad - LORELEI X6 Over-Ear Headphones with Microphone, Lightweight Foldable & Portable Stereo Bass Headphones with 1.45M No-Tangle, Wired Headphones for Smartphone Tablet MP3 / 4 (Space Black)",$49.99
,nan
,nan
,$16.99
,$16.99
"Sony WH-CH520 Wireless Headphones Bluetooth On-Ear Headset with Microphone, Black New",$16.99
,nan
,nan
,nan
,nan
"Antool Wired Earbuds,【Ultra Clear Calls & no Noise】 Headphones Earbuds Wired 3.5mm, in-Ear Earphones with Mic, Compatible with iPhone/iPad/Android/Laptop/PC 【2 Pack】",nan
,nan
,nan
,$9.99
,$9.99
"Sony WH-CH720N Noise Canceling Wireless Headphones Bluetooth Over The Ear Headset with Microphone and Alexa Built-in, Black New",$9.99
,nan
,nan
,nan
,nan
"Apple AirPods Pro 2 Wireless Earbuds, Active Noise Cancellation, Hearing Aid Feature, Bluetooth Headphones, Transparency, Personalized Spatial Audio, High-Fidelity Sound, H2 Chip, USB-C Charging",nan
,nan
,nan
,$199.00
,$199.00
"Sponsored Ad - RORSOU B10 Bluetooth Headphones Over Ear, Lightweight Folding Stereo Bass Wireless Headset with Mic, 50H Playtime, Volume Control, Bluetooth 5.3 Headphones for iPad/Travel/Tablet/PC (Black)",$199.00
,nan
,nan
,$19.99
,$19.99
"KVIDIO Bluetooth Headphones Over Ear, 65 Hours Playtime Wireless Headphones with Microphone, Foldable Lightweight Headset with Deep Bass, HiFi Stereo Sound for Travel Work Cellphone",$19.99
,nan
,nan
,$26.99
,$26.99
Wireless Earbuds Bluetooth Headphones 80hrs Playback Ear Buds Power Display with Noise Canceling Mic Headsets for Sports/Workout/Running - Black,$26.99
,nan
,nan
,$23.98
,$23.98
"Beats Studio Pro - Wireless Bluetooth Noise Cancelling Headphones - Personalized Spatial Audio, USB-C Lossless Audio, Apple & Android Compatibility, Up to 40 Hours Battery Life - Black",$23.98
,nan
,nan
,$249.99
,$249.99
Kids Headphones - noot products K11 Foldable Stereo Tangle-Free 3.5mm Jack Wired Cord On-Ear Headset for Children/Teens/Boys/Girls/Smartphones/School/Kindle/Airplane Travel/Plane/Tablet (Navy/Teal),$249.99
,nan
,nan
,$11.49
,$11.49
"Sponsored Ad - Uliptz Wireless Bluetooth Headphones, 65H Playtime, 6 EQ Sound Modes, HiFi Stereo Over Ear Headphones with Microphone, Foldable Lightweight Bluetooth 5.3 Headphones for Travel/Office/Cellphone/PC",$11.49
,nan
,nan
,$19.99
,$19.99
"JBL Vibe Beam - True Wireless JBL Deep Bass Sound Earbuds, Bluetooth 5.2, Water & Dust Resistant, Hands-free call with VoiceAware, Up to 32 hours of battery life (Black)",$19.99
,nan
,nan
,$49.95
,$49.95
"kurdene Wireless Earbuds Bluetooth 5.3 in Ear Buds Light-Weight Headphones,Deep Bass Sound,Built-in Mics Headset,Clear Calls Earphones for Sports Workout",$49.95
,nan
,nan
,$9.99
,$9.99
"Sony MDREX15AP In-Ear Earbud Headphones with Mic, Black (MDREX15AP/B)",$9.99
,nan
,nan
,$9.99
,$9.99
OneOdio Wired Over Ear Headphones Hi-Res Studio Monitor & Mixing DJ Stereo Headsets with 50mm Drivers and 1/4 to 3.5mm Jack for AMP Computer Recording Podcast Keyboard Guitar Laptop - Black,$9.99
,nan
,nan
,$32.99
,$32.99
"Apple AirPods 4 Wireless Earbuds, Bluetooth Headphones, Personalized Spatial Audio, Sweat and Water Resistant, USB-C Charging Case, H2 Chip, Up to 30 Hours of Battery Life, Effortless Setup for iPhone",$32.99
,nan
,nan
,$119.00
,$119.00
"Beats Solo 4 - Wireless Bluetooth On-Ear Headphones, Apple & Android Compatible, Up to 50 Hours of Battery Life - Matte Black",$119.00
,nan
,nan
,$199.00
,$199.00
"Logitech H390 Wired Headset for PC/Laptop, Stereo Headphones with Noise Cancelling Microphone, USB-A, in-Line Controls for Video Meetings, Music, Gaming and Beyond - Black",$199.00
,nan
,nan
,$24.99
,$24.99
"Picun B8 Bluetooth Headphones, 120H Playtime Headphones Wireless Bluetooth with 3 EQ Modes, Low Latency, Hands-Free Calls, Over Ear Headphones for Travel Home Office Cellphone PC Black",$24.99
,nan
,nan
